<?xml version="1.0" encoding="UTF-8"?><?xml-stylesheet type='text/xsl' href='_UpgradeReport_Files/UpgradeReport.xslt'?><UpgradeLog>
<Properties><Property Name="Solution" Value="MaxiCOM">
</Property><Property Name="Solution File" Value="C:\Users\Ian\Documents\basic\serial vb\MaxiCOM\MaxiCOM.sln">
</Property><Property Name="Date" Value="21 July 2011">
</Property><Property Name="Time" Value="22:15:11">
</Property></Properties><Event ErrorLevel="0" Project="MaxiCOM" Source="MaxiCOM.vbproj" Description="Project file successfully backed up as C:\Users\Ian\Documents\basic\serial vb\MaxiCOM\Backup\MaxiCOM.vbproj">
</Event><Event ErrorLevel="0" Project="MaxiCOM" Source="MaxiCOM.vbproj.user" Description="Project user file successfully backed up as C:\Users\Ian\Documents\basic\serial vb\MaxiCOM\Backup\MaxiCOM.vbproj.user">
</Event><Event ErrorLevel="0" Project="MaxiCOM" Source="Form1.vb" Description="File successfully backed up as C:\Users\Ian\Documents\basic\serial vb\MaxiCOM\Backup\Form1.vb">
</Event><Event ErrorLevel="0" Project="MaxiCOM" Source="Form1.Designer.vb" Description="File successfully backed up as C:\Users\Ian\Documents\basic\serial vb\MaxiCOM\Backup\Form1.Designer.vb">
</Event><Event ErrorLevel="0" Project="MaxiCOM" Source="My Project\AssemblyInfo.vb" Description="File successfully backed up as C:\Users\Ian\Documents\basic\serial vb\MaxiCOM\Backup\My Project\AssemblyInfo.vb">
</Event><Event ErrorLevel="0" Project="MaxiCOM" Source="My Project\Application.Designer.vb" Description="File successfully backed up as C:\Users\Ian\Documents\basic\serial vb\MaxiCOM\Backup\My Project\Application.Designer.vb">
</Event><Event ErrorLevel="0" Project="MaxiCOM" Source="My Project\Resources.Designer.vb" Description="File successfully backed up as C:\Users\Ian\Documents\basic\serial vb\MaxiCOM\Backup\My Project\Resources.Designer.vb">
</Event><Event ErrorLevel="0" Project="MaxiCOM" Source="My Project\Settings.Designer.vb" Description="File successfully backed up as C:\Users\Ian\Documents\basic\serial vb\MaxiCOM\Backup\My Project\Settings.Designer.vb">
</Event><Event ErrorLevel="0" Project="MaxiCOM" Source="MaxiCOM_TemporaryKey.pfx" Description="File successfully backed up as C:\Users\Ian\Documents\basic\serial vb\MaxiCOM\Backup\MaxiCOM_TemporaryKey.pfx">
</Event><Event ErrorLevel="0" Project="MaxiCOM" Source="My Project\Application.myapp" Description="File successfully backed up as C:\Users\Ian\Documents\basic\serial vb\MaxiCOM\Backup\My Project\Application.myapp">
</Event><Event ErrorLevel="0" Project="MaxiCOM" Source="My Project\Settings.settings" Description="File successfully backed up as C:\Users\Ian\Documents\basic\serial vb\MaxiCOM\Backup\My Project\Settings.settings">
</Event><Event ErrorLevel="0" Project="MaxiCOM" Source="Form1.resx" Description="File successfully backed up as C:\Users\Ian\Documents\basic\serial vb\MaxiCOM\Backup\Form1.resx">
</Event><Event ErrorLevel="0" Project="MaxiCOM" Source="My Project\Resources.resx" Description="File successfully backed up as C:\Users\Ian\Documents\basic\serial vb\MaxiCOM\Backup\My Project\Resources.resx">
</Event><Event ErrorLevel="0" Project="MaxiCOM" Source="MaxiCOM.vbproj" Description="Project converted successfully">
</Event><Event ErrorLevel="3" Project="MaxiCOM" Source="MaxiCOM.vbproj" Description="Converted">
</Event><Event ErrorLevel="0" Project="MaxiCOM" Source="MaxiCOM.vbproj" Description="Scan complete: Upgrade not required for project files.">
</Event></UpgradeLog>